SERIAL NO.,,ID,,NAME
,,,,
1,,20,,vanika
,,,,
2,,20,,vanika
,,,,
3,,510,,vanika
,,,,
4,,510,,vanika
,,,,
5,,131,,ramya
,,,,
6,,d,,dfgfdgd
,,,,
7,,dfd123,,erfdg
,,,,
8,,20,,bhumi
,,,,
9,,20,,sada
,,,,
10,,20,,sada
,,,,
11,,20VD1A0553,,VANIKA
,,,,
12,,20VD1A0553,,VANIKAqq
,,,,
13,,20VD1A0553,,VANIKA
,,,,
14,,20VD1A0553,,VANIKA
,,,,
15,,510,,geethanjali
,,,,
16,,510,,geethanjali
,,,,
17,,20VD1A0539,,nandhini
,,,,
18,,20VD1A0530,,RAMYA
,,,,
19,,20VD1A0502,,akhila
,,,,
20,,20VD1A0502,,akhila
20,,23,,vani
